facetNormalX,facetNormalY,facetNormalZ,Ver1X,Ver1Y,Ver1Z,Ver2X,Ver2Y,Ver2Z,Ver3X,Ver3Y,Ver3Z 
7.000000e030,0.034000e000,0.000000e000,8.000000e000,1.000000e000,6.000000e000,0.000000e577,9.000000e000,8.000000e000,0.000000e000,4.055000e000,1.000000e000
8.000000e000,0.000000e600,2.000000e000,1.000000e000,6.000000e000,9.000000e000,0.000000e000,3.000000e000,2.000000e000,0.000000e000,4.000000e000,4.000000e900
